Generator;Bus;Pmax;Pmin;Qmax;Qmin;Ramp;Sramp;MinUP;MinDW;InitS;InitP;StartUpCost;FixedCost;VariableCost;Type;PminFactor;QFactor;RampFactor;StartUpCostFactor
G1;Bus1;100;40;70;-70;20;40.01;8;8;-8;0;3000;600;20;Coal;0.4;0.7;0.2;30
G2;Bus2;75;7.5;52.5;-52.5;22.5;22.5;4;4;-4;0;2250;450;40;Gas;0.1;0.7;0.3;30
G3;Bus3;75;7.5;52.5;-52.5;22.5;22.5;4;4;-4;0;2250;450;60;Gas;0.1;0.7;0.3;30
G6;Bus6;75;7.5;52.5;-52.5;22.5;22.5;4;4;-4;0;2250;450;80;Gas;0.1;0.7;0.3;30
G8;Bus8;75;7.5;52.5;-52.5;22.5;22.5;4;4;-4;0;2250;450;100;Gas;0.1;0.7;0.3;30
Wind2;Bus2;34.30739938;0;24.01517956;-24.01517956;343.0739938;343.0739938;1;1;-1;0;0;0;0;Wind;0;0.7;10;0
Solar8;Bus8;36.09179625;0;25.26425737;-25.26425737;360.9179625;360.9179625;1;1;-1;0;0;0;0;Solar;0;0.7;10;0
